iso_code,name,population,is_pacific,source
ABW,Aruba,107359.0,False,OWID
AFG,Afghanistan,41454761.0,False,OWID
AGO,Angola,36749906.0,False,OWID
ALB,Albania,2414095.0,False,OWID
AND,Andorra,80856.0,False,OWID
ARE,United Arab Emirates,10483751.0,False,OWID
ARG,Argentina,45538401.0,False,OWID
ARM,Armenia,2964300.0,False,OWID
ATG,Antigua and Barbuda,93316.0,False,OWID
AUS,Australia,26659922.0,False,OWID
AUT,Austria,9131761.0,False,OWID
AZE,Azerbaijan,10153958.0,False,OWID
BDI,Burundi,13689450.0,False,OWID
BEL,Belgium,11779946.0,False,OWID
BEN,Benin,14111034.0,False,OWID
BFA,Burkina Faso,23025776.0,False,OWID
BGD,Bangladesh,171466990.0,False,OWID
BGR,Bulgaria,6446596.0,False,OWID
BHR,Bahrain,1577059.0,False,OWID
BHS,Bahamas,399440.0,False,OWID
BIH,Bosnia and Herzegovina,3185073.0,False,OWID
BLR,Belarus,9178298.0,False,OWID
BLZ,Belize,411106.0,False,OWID
BMU,Bermuda,64698.0,False,OWID
BOL,Bolivia,12244159.0,False,OWID
BRA,Brazil,211140729.0,False,OWID
BRB,Barbados,282336.0,False,OWID
BRN,Brunei,458949.0,False,OWID
BTN,Bhutan,786385.0,False,OWID
BWA,Botswana,2480244.0,False,OWID
CAF,Central African Republic,5152421.0,False,OWID
CAN,Canada,40083484.0,False,OWID
CHE,Switzerland,8888822.0,False,OWID
CHL,Chile,19658835.0,False,OWID
CHN,China,1387290000.0,False,OWID
CIV,Cote d'Ivoire,31165654.0,False,OWID
CMR,Cameroon,28372687.0,False,OWID
COD,Democratic Republic of Congo,105789731.0,False,OWID
COG,Congo,6182885.0,False,OWID
COL,Colombia,52321152.0,False,OWID
COM,Comoros,850387.0,False,OWID
CPV,Cape Verde,522331.0,False,OWID
CRI,Costa Rica,5105525.0,False,OWID
CUB,Cuba,11019931.0,False,OWID
CUW,Curacao,154654.0,False,OWID
CYP,Cyprus,1344976.0,False,OWID
CZE,Czechia,10864042.0,False,OWID
DEU,Germany,83287273.0,False,OWID
DJI,Djibouti,1152944.0,False,OWID
DMA,Dominica,66510.0,False,OWID
DNK,Denmark,6001366.0,False,OWID
DOM,Dominican Republic,11331265.0,False,OWID
DZA,Algeria,46164219.0,False,OWID
ECU,Ecuador,17980083.0,False,OWID
EGY,Egypt,114535772.0,False,OWID
ERI,Eritrea,3470390.0,False,OWID
ESP,Spain,48352528.0,False,OWID
EST,Estonia,1370286.0,False,OWID
ETH,Ethiopia,128691692.0,False,OWID
FIN,Finland,5583911.0,False,OWID
FJI,Fiji,924145.0,True,PDH
FRA,France,68399801.0,False,OWID
FSM,Micronesia (country),112630.0,True,PDH
GAB,Gabon,2484789.0,False,OWID
GBR,United Kingdom,68782327.0,False,OWID
GEO,Georgia,3715483.0,False,OWID
GHA,Ghana,33787914.0,False,OWID
GIN,Guinea,14405468.0,False,OWID
GMB,Gambia,2697845.0,False,OWID
GNB,Guinea-Bissau,2153339.0,False,OWID
GNQ,Equatorial Guinea,1847549.0,False,OWID
GRC,Greece,10407351.0,False,OWID
GRD,Grenada,117081.0,False,OWID
GRL,Greenland,56865.0,False,OWID
GTM,Guatemala,18124838.0,False,OWID
GUY,Guyana,826353.0,False,OWID
HKG,Hong Kong,7536100.0,False,OWID
HND,Honduras,10644851.0,False,OWID
HRV,Croatia,3859686.0,False,OWID
HTI,Haiti,11637398.0,False,OWID
HUN,Hungary,9592186.0,False,OWID
IDN,Indonesia,281190067.0,False,OWID
IND,India,1438069596.0,False,OWID
IRL,Ireland,5311538.0,False,OWID
IRN,Iran,90608707.0,False,OWID
IRQ,Iraq,45074049.0,False,OWID
ISL,Iceland,385663.0,False,OWID
ISR,Israel,9849000.0,False,OWID
ITA,Italy,58984216.0,False,OWID
JAM,Jamaica,2839786.0,False,OWID
JOR,Jordan,11439213.0,False,OWID
JPN,Japan,124516650.0,False,OWID
KAZ,Kazakhstan,20330104.0,False,OWID
KEN,Kenya,55339003.0,False,OWID
KGZ,Kyrgyzstan,7099750.0,False,OWID
KHM,Cambodia,17423880.0,False,OWID
KIR,Kiribati,132530.0,True,PDH
KNA,Saint Kitts and Nevis,46758.0,False,OWID
KOR,South Korea,51712619.0,False,OWID
KWT,Kuwait,4853420.0,False,OWID
LAO,Laos,7664993.0,False,OWID
LBN,Lebanon,5773493.0,False,OWID
LBR,Liberia,5493031.0,False,OWID
LBY,Libya,7305659.0,False,OWID
LCA,Saint Lucia,179285.0,False,OWID
LIE,Liechtenstein,39846.0,False,OWID
LKA,Sri Lanka,22037000.0,False,OWID
LSO,Lesotho,2311472.0,False,OWID
LTU,Lithuania,2871585.0,False,OWID
LUX,Luxembourg,666430.0,False,OWID
LVA,Latvia,1883710.0,False,OWID
MAC,Macao,678800.0,False,OWID
MAR,Morocco,37712505.0,False,OWID
MCO,Monaco,38956.0,False,OWID
MDA,Moldova,2457783.0,False,OWID
MDG,Madagascar,31195932.0,False,OWID
MDV,Maldives,525994.0,False,OWID
MEX,Mexico,129739759.0,False,OWID
MHL,Marshall Islands,38827.0,True,PDH
MKD,North Macedonia,1827816.0,False,OWID
MLI,Mali,23769127.0,False,OWID
MLT,Malta,552747.0,False,OWID
MMR,Myanmar,54133798.0,False,OWID
MNE,Montenegro,623529.0,False,OWID
MNG,Mongolia,3481145.0,False,OWID
MOZ,Mozambique,33635160.0,False,OWID
MRT,Mauritania,5022441.0,False,OWID
MUS,Mauritius,1248647.0,False,OWID
MWI,Malawi,21104482.0,False,OWID
MYS,Malaysia,35126298.0,False,OWID
NAM,Namibia,2963095.0,False,OWID
NCL,New Caledonia,289870.0,True,PDH
NER,Niger,26159867.0,False,OWID
NGA,Nigeria,227882945.0,False,OWID
NIC,Nicaragua,6823613.0,False,OWID
NLD,Netherlands,17877117.0,False,OWID
NOR,Norway,5519601.0,False,OWID
NPL,Nepal,29694614.0,False,OWID
NRU,Nauru,11875.0,True,PDH
NZL,New Zealand,5200000.0,False,OWID
OMN,Oman,5049269.0,False,OWID
PAK,Pakistan,247504495.0,False,OWID
PAN,Panama,4458759.0,False,OWID
PER,Peru,33845617.0,False,OWID
PHL,Philippines,114891199.0,False,OWID
PLW,Palau,17727.0,True,PDH
PNG,Papua New Guinea,10389635.0,True,PDH
POL,Poland,36687353.0,False,OWID
PRK,North Korea,26418204.0,False,OWID
PRT,Portugal,10578174.0,False,OWID
PRY,Paraguay,6844146.0,False,OWID
PSE,Palestine,5165775.0,False,OWID
PYF,French Polynesia,281118.0,True,PDH
QAT,Qatar,2656032.0,False,OWID
ROU,Romania,19061062.0,False,OWID
RUS,Russia,143826130.0,False,OWID
RWA,Rwanda,13954471.0,False,OWID
SAU,Saudi Arabia,33702731.0,False,OWID
SDN,Sudan,50042791.0,False,OWID
SEN,Senegal,18077573.0,False,OWID
SGP,Singapore,5917648.0,False,OWID
SLB,Solomon Islands,800005.0,True,PDH
SLE,Sierra Leone,8460512.0,False,OWID
SLV,El Salvador,6309624.0,False,OWID
SMR,San Marino,33860.0,False,OWID
SOM,Somalia,18358615.0,False,OWID
SRB,Serbia,6623183.0,False,OWID
SSD,South Sudan,11483374.0,False,OWID
STP,Sao Tome and Principe,230871.0,False,OWID
SUR,Suriname,628886.0,False,OWID
SVK,Slovakia,5426740.0,False,OWID
SVN,Slovenia,2120461.0,False,OWID
SWE,Sweden,10536632.0,False,OWID
SWZ,Eswatini,1230506.0,False,OWID
SXM,Sint Maarten (Dutch part),42749.0,False,OWID
SYC,Seychelles,119773.0,False,OWID
SYR,Syria,23594623.0,False,OWID
TCA,Turks and Caicos Islands,46198.0,False,OWID
TCD,Chad,19319064.0,False,OWID
TGO,Togo,9304337.0,False,OWID
THA,Thailand,71702435.0,False,OWID
TJK,Tajikistan,10389799.0,False,OWID
TKM,Turkmenistan,7364438.0,False,OWID
TLS,East Timor,1384286.0,False,OWID
TON,Tonga,104597.0,True,PDH
TTO,Trinidad and Tobago,1367510.0,False,OWID
TUN,Tunisia,12200431.0,False,OWID
TUR,Turkey,85325965.0,False,OWID
TUV,Tuvalu,9816.0,True,PDH
TWN,Taiwan,23420000.0,False,OWID
TZA,Tanzania,66617606.0,False,OWID
UGA,Uganda,48656601.0,False,OWID
UKR,Ukraine,37732836.0,False,OWID
URY,Uruguay,3388081.0,False,OWID
USA,United States,337170318.0,False,OWID
UZB,Uzbekistan,35652307.0,False,OWID
VCT,Saint Vincent and the Grenadines,101323.0,False,OWID
VEN,Venezuela,28300854.0,False,OWID
VGB,British Virgin Islands,38985.0,False,OWID
VNM,Vietnam,100352192.0,False,OWID
VUT,Vanuatu,320409.0,True,PDH
WSM,Samoa,216663.0,True,PDH
YEM,Yemen,39390799.0,False,OWID
ZAF,South Africa,63212384.0,False,OWID
ZMB,Zambia,20723965.0,False,OWID
ZWE,Zimbabwe,16340822.0,False,OWID
